{
  "bootstrap_spec": {
    "B": 256,
    "avg_block_len": 20,
    "seed": 698
  },
  "cpcv_params": {
    "S": 10,
    "k": 5
  },
  "dsr": {
    "sharpe_daily": [
      0.0
    ],
    "sharpe_ann": [
      0.0
    ],
    "skew": [
      0.0
    ],
    "kurt_excess": [
      -3.0
    ],
    "n_trials_effective": 1,
    "expected_max_z": 0.0,
    "sharpe_deflated_threshold_daily": 0.0,
    "dsr": [
      0.5000000005248086
    ],
    "psr_denom_sq_min": 1.0,
    "psr_denom_bad_count": 0
  },
  "pbo": {
    "pbo": NaN,
    "lambda_logits": [],
    "u_percentiles": [],
    "is_best_idx": [],
    "oos_rank_of_is_best": [],
    "n_combinations": 0,
    "S": 10,
    "k": 5,
    "n_trials_effective_used": 1,
    "insufficient_candidates": true
  },
  "wrc": {
    "t_obs": 0.019488297903002764,
    "t_boot": [
      0.0,
      0.0,
      0.0,
      0.0,
      -0.006592218807908856,
      0.0,
      0.0,
      -0.015053327445213475,
      0.0,
      0.0,
      0.0,
      -0.0017247936216878838,
      0.0,
      0.0,
      0.0,
      0.0,
      0.0,
      0.0,
      0.0,
      0.0,
      -0.021645546253122334,
      0.0,
      0.021645546253122334,
      0.0,
      0.0,
      -0.000320185249863546,
      0.0,
      0.0,
      0.0,
      -0.01583251228731238,
      0.0,
      0.0,
      0.0,
      0.0,
      0.0,
      0.0,
      -0.013145942262304035,
      0.0,
      0.0,
      0.004056978522955875,
      0.0,
      0.0,
      0.0,
      0.02049136595648167,
      0.012838272410124042,
      0.0,
      0.0,
      0.0,
      0.0,
      0.03071576356898785,
      0.0,
      0.0,
      0.0,
      0.0,
      -0.000320185249863546,
      -0.009070217315865518,
      0.0,
      0.0,
      0.0,
      0.0225363448280331,
      -0.002535240284952981,
      0.0,
      0.0,
      0.0,
      0.0,
      0.0,
      0.0,
      0.0,
      -0.009070217315865518,
      0.0,
      0.0,
      0.0,
      0.0,
      0.0,
      0.0,
      0.0,
      0.0,
      0.0,
      0.007345423694177635,
      0.0,
      0.0,
      -0.03071576356898785,
      0.0,
      -0.011421148640616151,
      -0.007345423694177635,
      -0.009070217315865518,
      0.0,
      -0.01992075263143445,
      -0.008499603990818297,
      0.0,
      0.0,
      0.0,
      0.0,
      0.0,
      0.0225363448280331,
      0.0,
      0.0,
      0.0,
      0.005149115082570842,
      0.0,
      0.0,
      0.0,
      -0.016152697537175926,
      0.0,
      0.0,
      0.0,
      0.0,
      0.0,
      0.0,
      0.0,
      0.006592218807908856,
      0.0,
      0.0,
      0.0,
      -0.013192657533864394,
      0.013145942262304035,
      -0.024933991424344094,
      0.0,
      0.0,
      -0.022135807666523885,
      0.0,
      0.0,
      0.0,
      0.0,
      0.0,
      0.0,
      0.0,
      0.008317012429596739,
      -0.03071576356898785,
      -0.00956047872926707,
      0.0,
      -0.021645546253122334,
      0.0,
      0.0,
      0.0,
      -0.017588567730166458,
      0.0004902614134015515,
      -0.013145942262304035,
      0.0,
      0.0,
      0.0,
      0.0,
      0.0,
      0.0,
      0.0,
      -0.011421148640616151,
      0.0,
      0.0,
      0.0,
      0.0,
      -0.005964363705865315,
      -0.013328533823525593,
      0.0,
      0.0,
      -0.011421148640616151,
      0.0,
      0.0,
      0.0,
      0.0,
      0.013145942262304035,
      0.002397646596310992,
      -0.015662436123774374,
      0.0,
      0.0,
      -0.015543588858615029,
      0.0,
      0.0,
      0.0,
      0.000320185249863546,
      -0.004056978522955875,
      0.0,
      0.0,
      0.0,
      0.004547239936357426,
      -0.009088963739348161,
      0.007345423694177635,
      0.0,
      0.0,
      0.0,
      0.021645546253122334,
      0.02049136595648167,
      0.0,
      0.0,
      -0.00328844517122176,
      0.0,
      0.0,
      -0.0022150550350894353,
      0.0,
      0.013899147148572814,
      0.0,
      0.0,
      0.0,
      0.0,
      -0.03921536755980615,
      0.0,
      0.03071576356898785,
      0.0,
      0.0,
      -0.006873908704258726,
      0.0,
      0.0,
      0.0,
      -0.0019073851829094408,
      0.0,
      0.0,
      -0.018060082720085368,
      0.0,
      -0.020105061591636796,
      0.0,
      0.0,
      0.0,
      -0.01022439761250618,
      0.0,
      0.015662436123774374,
      0.0,
      0.0,
      0.0,
      0.008179418740954751,
      0.0017247936216878838,
      0.0,
      -0.024332116278130676,
      0.0,
      0.0,
      0.0,
      0.0,
      0.0,
      0.008179418740954751,
      0.0,
      0.0,
      0.0,
      0.0,
      0.0,
      -0.007345423694177635,
      -0.02049136595648167,
      0.006454625119266867,
      0.0,
      -0.020105061591636796,
      0.01421933239843636,
      0.0,
      0.0,
      0.0,
      0.0,
      0.0,
      0.0,
      0.0,
      0.0,
      0.0,
      0.0,
      -0.019784876341773252,
      0.0,
      -0.010714659025907732,
      0.0,
      0.0,
      0.0,
      0.017569821306683817,
      0.0
    ],
    "p_value": 0.03125,
    "mean_diff": [
      0.006890153800498414
    ]
  },
  "spa": {
    "t_obs": 0.9132385622485615,