{
  "bootstrap_spec": {
    "B": 256,
    "avg_block_len": 20,
    "seed": 698
  },
  "cpcv_params": {
    "S": 2,
    "k": 1
  },
  "dsr": {
    "sharpe_daily": [
      -0.004262422587252683
    ],
    "sharpe_ann": [
      -0.06766386089121067
    ],
    "skew": [
      -0.9533245590519999
    ],
    "kurt_excess": [
      0.08909492921941586
    ],
    "n_trials_effective": 1,
    "expected_max_z": 0.0,
    "sharpe_deflated_threshold_daily": -0.004262422587252683,
    "dsr": [
      0.5000000005248086
    ],
    "psr_denom_sq_min": 0.995946016664325,
    "psr_denom_bad_count": 0
  },
  "pbo": {
    "pbo": NaN,
    "lambda_logits": [],
    "u_percentiles": [],
    "is_best_idx": [],
    "oos_rank_of_is_best": [],
    "n_combinations": 0,
    "S": 2,
    "k": 1,
    "n_trials_effective_used": 1,
    "insufficient_candidates": true
  },
  "wrc": {
    "t_obs": 0.019488289689830626,
    "t_boot": [
      0.0,
      0.0,
      0.0,
      0.0,
      -0.006592218807908856,
      0.0,
      0.0,
      -0.015052813249530526,
      0.0,
      0.0,
      0.0,
      -0.0017245142534555336,
      0.0,
      0.0,
      0.0,
      0.0,
      0.0,
      0.0,
      0.0,
      0.0,
      -0.02164503205743938,
      0.0,
      0.02164503205743938,
      0.0,
      0.0,
      -0.0003204646180958961,
      0.0,
      0.0,
      0.0,
      -0.01583171051022494,
      0.0,
      0.0,
      0.0,
      0.0,
      0.0,
      0.0,
      -0.013145428066621086,
      0.0,
      0.0,
      0.004056978522955875,
      0.0,
      0.0,
      0.0,
      0.020490608720175982,
      0.01283803758267344,
      0.0,
      0.0,
      0.0,
      0.0,
      0.03071472696444981,
      0.0,
      0.0,
      0.0,
      0.0,
      -0.0003204646180958961,
      -0.009069694907010428,
      0.0,
      0.0,
      0.0,
      0.02253558759172741,
      -0.002535240284952981,
      0.0,
      0.0,
      0.0,
      0.0,
      0.0,
      0.0,
      0.0,
      -0.009069694907010428,
      0.0,
      0.0,
      0.0,
      0.0,
      0.0,
      0.0,
      0.0,
      0.0,
      0.0,
      0.007345180653554896,
      0.0,
      0.0,
      -0.03071472696444981,
      0.0,
      -0.011420913813165552,
      -0.007345180653554896,
      -0.009069694907010428,
      0.0,
      -0.019920517803983847,
      -0.008499603990818297,
      0.0,
      0.0,
      0.0,
      0.0,
      0.0,
      0.02253558759172741,
      0.0,
      0.0,
      0.0,
      0.005149159623352592,
      0.0,
      0.0,
      0.0,
      -0.016152175128320838,
      0.0,
      0.0,
      0.0,
      0.0,
      0.0,
      0.0,
      0.0,
      0.006592218807908856,
      0.0,
      0.0,
      0.0,
      -0.013191855756776954,
      0.013145428066621086,
      -0.024933234188038403,
      0.0,
      0.0,
      -0.022135293470840933,
      0.0,
      0.0,
      0.0,
      0.0,
      0.0,
      0.0,
      0.0,
      0.008316733061364389,
      -0.03071472696444981,
      -0.00955995632041198,
      0.0,
      -0.02164503205743938,
      0.0,
      0.0,
      0.0,
      -0.01758805353448351,
      0.0004902614134015515,
      -0.013145428066621086,
      0.0,
      0.0,
      0.0,
      0.0,
      0.0,
      0.0,
      0.0,
      -0.011420913813165552,
      0.0,
      0.0,
      0.0,
      0.0,
      -0.005964363705865315,
      -0.013328298996074992,
      0.0,
      0.0,
      -0.011420913813165552,
      0.0,
      0.0,
      0.0,
      0.0,
      0.013145428066621086,
      0.002397646596310992,
      -0.015661913714919286,
      0.0,
      0.0,
      -0.015543074662932078,
      0.0,
      0.0,
      0.0,
      0.0003204646180958961,
      -0.004056978522955875,
      0.0,
      0.0,
      0.0,
      0.004547239936357426,
      -0.00908844954366521,
      0.007345180653554896,
      0.0,
      0.0,
      0.0,
      0.02164503205743938,
      0.020490608720175982,
      0.0,
      0.0,
      -0.003288202130599021,
      0.0,
      0.0,
      -0.002214775666857085,
      0.0,
      0.013898389912267125,
      0.0,
      0.0,
      0.0,
      0.0,
      -0.039214330955268106,
      0.0,
      0.03071472696444981,
      0.0,
      0.0,
      -0.0068736738768081255,
      0.0,
      0.0,
      0.0,
      -0.0019073851829094408,
      0.0,
      0.0,
      -0.018059560311230276,
      0.0,
      -0.020104539182781708,
      0.0,
      0.0,
      0.0,
      -0.010224118244273831,
      0.0,
      0.015661913714919286,
      0.0,
      0.0,
      0.0,
      0.0081791393727224,
      0.0017245142534555336,
      0.0,
      -0.024331314501043238,
      0.0,
      0.0,
      0.0,
      0.0,
      0.0,
      0.0081791393727224,
      0.0,
      0.0,
      0.0,
      0.0,
      0.0,
      -0.007345180653554896,
      -0.020490608720175982,
      0.006454625119266867,
      0.0,
      -0.020104539182781708,
      0.01421885453036302,
      0.0,
      0.0,
      0.0,
      0.0,
      0.0,
      0.0,
      0.0,
      0.0,
      0.0,
      0.0,
      -0.01978407456468581,
      0.0,
      -0.010714379657675382,
      0.0,
      0.0,
      0.0,
      0.017569298897828725,
      0.0
    ],
    "p_value": 0.03125,
    "mean_diff": [
      0.006890150896703556
    ]
  },
  "spa": {
    "t_obs": 0.9132645610195228,