{
  "candidate_id": "cand_0000_m20_m30_m40",
  "base_metrics": {
    "n_days": 8,
    "n_trades": 259,
    "win_rate": 0.25,
    "avg_trade": -7.743452952920412e-09,
    "profit_factor": 0.9842782677605904,
    "max_drawdown": 1.4775953759427196e-06,
    "cagr_ish": -7.318072053896785e-07,
    "avg_turnover": 0.00600970375405143,
    "asset_pnl_concentration": 0.7454014695112636,
    "avg_margin_used_frac": 3.6607609243188743e-06,
    "peak_margin_used_frac": 0.00047056743086106674
  },
  "per_stress": {
    "baseline": {
      "n_tasks": 3,
      "cum_return_median": 0.0,
      "cum_return_mean": -7.743277981771731e-09,
      "max_drawdown_median": 0.0,
      "turnover_median": 0.00600970375405143,
      "delta_vs_baseline": {
        "pnl": 0.0,
        "dd": 0.0,
        "turnover": 0.0
      }
    }
  },
  "per_fold": {
    "wf": {
      "summary": {
        "count": 3,
        "sharpe_daily_mean": 2.4853037377159333,
        "sharpe_daily_median": 0.0,
        "sharpe_daily_worst": -0.7071061044119317,
        "cum_return_mean": -7.743277981771731e-09,
        "cum_return_median": 0.0,
        "max_drawdown_median": 0.0,
        "turnover_median": 0.00600970375405143
      },
      "folds": [
        {
          "split_id": "wf_000",
          "mode": "wf",
          "scenario_id": "baseline",
          "cum_return": 0.0,
          "sharpe_daily": 0.0,
          "max_drawdown": 0.0,
          "turnover": 0.0,
          "test_days": 2
        },
        {
          "split_id": "wf_001",
          "mode": "wf",
          "scenario_id": "baseline",
          "cum_return": -1.4775953759427196e-06,
          "sharpe_daily": -0.7071061044119317,
          "max_drawdown": 0.0,
          "turnover": 0.00600970375405143,
          "test_days": 2
        },
        {
          "split_id": "wf_002",
          "mode": "wf",
          "scenario_id": "baseline",
          "cum_return": 1.4543655419974044e-06,
          "sharpe_daily": 8.163017317559731,
          "max_drawdown": 0.0,
          "turnover": 0.015629789788378333,
          "test_days": 2
        }
      ]
    },
    "cpcv": {
      "summary": {
        "count": 0,
        "sharpe_daily_mean": 0.0,
        "sharpe_daily_median": 0.0,
        "sharpe_daily_worst": 0.0,
        "cum_return_mean": 0.0,
        "cum_return_median": 0.0,
        "max_drawdown_median": 0.0,
        "turnover_median": 0.0
      },
      "folds": []
    }
  },
  "robustness": {
    "score": 0.44615000011480194,
    "formula": "0.20*dsr+0.15*(1-pbo)+0.10*(1-spa_p)+0.20*regime+0.20*execution+0.15*horizon",
    "dsr_source": "cluster_representative_exec",
    "inputs": {
      "dsr_median": 0.0,
      "pbo": 1.0,
      "dd_severe": 0.0,
      "fold_sharpe_std": 4.929738672767671,
      "asset_pnl_concentration": 0.7454014695112636,
      "verdict_robustness_score": 0.44615000011480194
    },
    "caps": {
      "dd_cap": 0.35,
      "std_cap": 1.0,
      "conc_cap": 0.75
    }
  },
  "failed": false,
  "failure_reasons": [],
  "alignment": {
    "aligned_to_global_benchmark_sessions": true,
    "global_session_count": 8,
    "observed_baseline_session_count": 6
  },
  "dq_summary": {
    "dq_min": 1.0,
    "dq_median": 1.0,
    "dq_degrade_count": 0,
    "dq_reject_count": 0,
    "dq_reason_top": ""
  },
  "stage_a_metadata": {
    "campaign_id": "",
    "family_id": "",
    "family_name": "",
    "hypothesis_id": "",
    "evaluation_role": "",
    "window_set": "",
    "window_set_size": 0,
    "parameter_hash": "8a08aa8ca6a7a119e71b2a9682a023d9259bf5f1bd2b0cdec6e4f9427bb343ea",
    "tags_serialized": "",
    "evaluation_window": null,
    "cost_adjusted_expectancy": -2.9037948573451544e-09,
    "overnight_suitability_score": 0.0,
    "zimtra_compliance_flags": "fragile_execution"
  }
}